original_code,original_name,translated_name,HCAT3_name,HCAT3_code,HCAT2_name,HCAT2_code
0001,aed-apteegitill,garden fennel,fennel,3301170000,fennel,3301170000
0002,aedhernes,Green peas,peas,3301020600,peas,3301020600
0003,aedkoriander,garden coriander,coriander,3301061215,coriander,3301061215
0004,aedmaasikad avamaal või madala katte all,Strawberries (open field or under low cover),strawberries,3301130000,strawberries,3301130000
0005,aedpetersell,garden parsley,parsly,3301061227,parsly,3301061227
0006,aedtill,Dill,anethum_dill,3301061203,anethum_dill,3301061203
0007,aeduba,kidney bean,beans,3301020100,beans,3301020100
0008,"aniis, harilik",aniseed common,anise_aniseed,3301061205,anise_aniseed,3301061205
0009,arbuus,watermelon,watermelon,3301140500,watermelon,3301140500
0010,aroonia,chokeberry,aronia_chokeberries,3303020100,aronia_chokeberries,3303020100
0011,astelpaju,Sea-buckthorn,hippophae_sea_buckthorns_seaberry,3303020800,hippophae_sea_buckthorns_seaberry,3303020800
0012,ebaküdoonia,Chaenomeles,chaenomeles_cathayensis,3303080200,quinces,3303011500
0013,füüsal,Groundcherry ,fresh_vegetables,3301070000,not_known_and_other,3399000000
0014,hapu kirsipuu sh murelipuu,Sour cherry incl. morello cherry,cherry_cherries,3303010400,cherry_cherries,3303010400
0015,haraline ploomipuu (alõtša),Plum tree,plums,3303011300,plums,3303011300
0016,harilik esparsett (100% esparsetti),Common sainfoin (100%),onobrychis_sainfoins,3301061600,onobrychis_sainfoins,3301061600
0017,"harilik esparsett (esparsetti 50-80%, teisi heintaimi 20-50%)",common asparagus (asparagus 50-80% other grasses 20-50%),asparagus,3301200000,aspargus,3301200000
0018,harilik kanep,cannabis,hemp_cannabis,3301061000,hemp_cannabis,3301061000
0019,harilik lutsern (100% lutserni),Lucerne (100%),alfalfa_lucerne,3301090301,alfalfa_lucerne,3301090301
0020,"harilik lutsern (lutserni 50-80%, teisi heintaimi 20-50%)",alfalfa (alfalfa 50-80% other grasses 20-50%),alfalfa_lucerne,3301090301,alfalfa_lucerne,3301090301
0021,"harilik lutsern (vähemalt 80% lutserni, kun 20% heintaimi)",Lucerne (at least 80% alfalfa 20% grasses),alfalfa_lucerne,3301090301,alfalfa_lucerne,3301090301
0022,harilik nõiahammas (100% nõiahammast),Birdsfoot trefoil (100%),legumes_harvested_green,3301090300,not_known_and_other,3399000000
0023,"harilik nõiahammas (nõiahammast 50-80%, teisi heintaimi 20-50%)",common trefoil (50-80% of witch tooth 20-50% other grasses),legumes_harvested_green,3301090300,pasture_meadow_grassland_grass,3302000000
0024,harilik pihlakas,Rowan,rowan_rowanberries,3303021300,rowan_rowanberries,3303021300
0025,harilik sarapuu,common hazel,hazelnuts_hazel,3303030200,hazelnuts_hazel,3303030200
0026,harilik sibul (söögisibul),onion (onion),onions,3301220400,onions,3301220400
0027,harilik ussikeel (100% ussikeelt),Viper's bugloss (100%),other_flowers_ornamental_plants,3301089900,flowers_ornamental_plants,3301080000
0028,humal,hops,hops,3301060200,hops,3301060200
0029,humallutsern (100% lutserni),hop alfalfa (100% alfalfa),alfalfa_lucerne,3301090301,alfalfa_lucerne,3301090301
0030,ida-kitsehernes (100% ida-kitsehernest),Eastern goat pea (100% eastern goat pea),peas,3301020600,peas,3301020600
0031,"ida-kitsehernes (vähemalt 80% ida-kitsehernest, kuni 20% heintaimi)",Fodder galega (at least 80% galega up to 20% grasses),galega,3301081900,galega,3301081900
0032,jääsalat,iceberg lettuce,iceberg,3301310400,iceberg,3301310400
0033,jõhvikas,Cranberry,cranberry,3303020500,cranberry,3303020500
0034,juurseller,celery root,celeriac,3301250100,celery,3301250000
0035,kaalikas,Rutabaga,swede_rutabaga,3301210500,swede_rutabaga,3301210500
0036,kabatšokk,Zucchini,zucchini_courgette,3301140600,pumpkin_squash_gourd,3301140400
0037,"kaer allakülviga, v.a liblikõieliste allakülviga",Oats undersown (excl. legumes),oats,3301010500,oats,3301010500
0038,kaer allakülvita,oats sown,oats,3301010500,oats,3301010500
0039,kaer liblikõieliste allakülviga,Oats undersown with legumes,oats,3301010500,oats,3301010500
0040,"kanep, Finola",Hemp Finola,finola,3301061001,finola,3301061001
0041,"kanep, Henola",Cannabis Heinola,hemp_cannabis,3301061000,hemp_cannabis,3301061000
0042,"kanep, Tiborszallasi",cannabis Tiborszallasi,hemp_cannabis,3301061000,hemp_cannabis,3301061000
0043,"kanep, Uso - 31",cannabis Uso - 31,hemp_cannabis,3301061000,hemp_cannabis,3301061000
0044,"kapsasrohi, must",Black mustard,mustard,3301210100,mustard,3301210100
0045,"kapsasrohi, sarepta",Brown mustard,mustard,3301210100,mustard,3301210100
0046,Karjatamine väljaspool põllumaj. maad,Rough grazings,pasture_meadow_grassland_grass,3302000000,pasture_meadow_grassland_grass,3302000000
0047,"kartul ""Ando""","potato ""Ando""",potatoes,3301030000,potatoes,3301030000
0048,"kartul v.a ""Ando""","Potato (excl. ""Ando"")",potatoes,3301030000,potatoes,3301030000
0049,karusmari,gooseberry,gooseberry_gooseberries_cranberries,3303020700,gooseberry_gooseberries_cranberries,3303020700
0050,"kassinaeris, mets-",Malva sylvestris,malva,3301082800,sida_virginia_mallow,3304030000
0051,kaunviljade segu,Mixture of legumes,legumes_dried_pulses_protein_crops,3301020000,legumes_dried_pulses_protein_crops,3301020000
0052,keerispea allakülviga v.a liblikõieliste allakülviga,Phacelia tanacetifolia undersown (excl. legumes),phacelia,3301061400,fiddleneck_amsinckia,3301081700
0053,keerispea allakülvita,Phacelia tanacetifolia,phacelia,3301061400,not_known_and_other,3399000000
0054,keerispea liblikõieliste allakülviga,Phacelia tanacetifolia undersown with legumes,phacelia,3301061400,not_known_and_other,3399000000
0055,kikerhernes,chickpeas,chickpeas,3301020200,chickpeas,3301020200
0056,"kikkaputk, harilik",Garden angelica,angelica,3301061204,angelica,3301061204
0057,kollane mesikas (100% mesikat),yellow melilot (100% melilot),melilot,3301090304,honeysuckle,3303080500
0058,"kollane mesikas (mesikat 50-80%, teisi heintaimi 20-50%)",yellow melilot (melilot 50-80% other grasses 20-50%),melilot,3301090304,honeysuckle,3303080500
0059,"kollane mesikas (vähemalt 80% mesikat, kuni 20% heintaimi)",yellow melilot (at least 80% melilot up to 20% grasses),melilot,3301090304,honeysuckle,3303080500
0060,köögivili väikestel pindadel,Fresh vegetables grown in small area (open field),fresh_vegetables,3301070000,fresh_vegetables,3301070000
0061,köömen,Caraway,caraway,3301061211,black_cumin,3301061208
0062,kõrreliste rohumaa (vähemalt 80% kõrrelisi),grassland (at least 80% grasses),pasture_meadow_grassland_grass,3302000000,pasture_meadow_grassland_grass,3302000000
0063,kõrvits,pumpkin,pumpkin_squash_gourd,3301140400,pumpkin_squash_gourd,3301140400
0064,"kuningakepp, kaheaastane",Common evening-primrose,primrose,3301083500,primrose,3301083500
0065,kurdlehine kibuvits,Kurdish rose,roses,3301083700,roses,3301083700
0066,"kurgirohi, harilik",Borage,borage,3301061209,borage,3301061209
0067,kurk,cucumber,cucumber_pickle,3301140100,cucumber_pickle,3301140100
0068,kuumaasikad avamaal või madala katte all,strawberries in the open or under low cover,strawberries,3301130000,strawberries,3301130000
0069,küüslauk,garlic,garlic,3301220200,garlic,3301220200
0070,lääts,lentil,lentils,3301020500,lentils,3301020500
0071,"lavendel, tähk-",lavender star,lavender_lavandula,3301061219,lavender_lavandula,3301061219
0072,lehtkapsas,kale,kale,3301210208,kale,3301210208
0073,lehtsalat,lettuce,salads_lettuce_leaf_vegetables,3301310000,salads_lettuce_leaf_vegetables,3301310000
0074,liblikõieliste ja kõrreliste segu (30-80% liblikõielisi),mixture of legumes and grasses (30-80% legumes),legumes_harvested_green,3301090300,legumes_harvested_green,3301090300
0075,liblikõieliste ja muude põllumajanduskultuuride segu (30-80% liblikõielisi),Mix of legumes and other crops (30-80% legumes),legumes_dried_pulses_protein_crops,3301020000,legumes_dried_pulses_protein_crops,3301020000
0076,"liivsinep, võõr-",mustard foreign,mustard,3301210100,mustard,3301210100
0077,lilled ja ehistaimed (dekoratiivtaimed) avamaal või madala katte all,flowers and ornamental plants (ornamental plants) in the open or under low cover,flowers_ornamental_plants,3301080000,flowers_ornamental_plants,3301080000
0078,lillkapsas,Cauliflower,cauliflower,3301210204,cauliflower,3301210204
0079,maapirn,Jerusalem artichoke,topinambur_jerusalem_artichoke,3301180000,topinambur_jerusalem_artichoke,3301180000
0080,"maarjaohakas, harilik",Milk thistle,marian_thistles,3301061300,marian_thistles,3301061300
0081,mädarõigas,horseradish,horseradish,3301210400,horseradish,3301210400
0082,magus kirsipuu,sweet cherry tree,cherry_cherries,3303010400,cherry_cherries,3303010400
0083,mais,Grain maize,grain_maize_corn_popcorn,3301010600,grain_maize_corn_popcorn,3301010600
0084,melon,melon,melon,3301140300,melon,3301140300
0085,mesiputk,Sweet Cicely,other_aromatic_medicinal_culinary_plants_spices_herbs,3301061299,leaf_celery,3301250200
0086,minimais,Baby corn,grain_maize_corn_popcorn,3301010600,grain_maize_corn_popcorn,3301010600
0087,"münt, ümaraleheline",mint round leaf,mints_peppermint,3301061222,mints_peppermint,3301061222
0088,must sõstar,black currant,blackcurrant_cassis,3303020300,blackcurrant_cassis,3303020300
0089,mustikas,blueberry,blueberry,3303020400,blueberry,3303020400
0090,mustkesa,Fallow land (bare land),fallow_land_not_crop,3301110000,fallow_land_not_crop,3301110000
0091,mustrõigas,patterned radish,radish,3301290600,radish,3301290600
0092,muu heintaimede segu,Other mix of grasses,poaceae_grasses,3301090200,pasture_meadow_grassland_grass,3302000000
0093,muu kapsas,Other cabbage,brassica_oleracea_cabbage,3301210200,brassica_oleracea_cabbage,3301210200
0094,muu kaunvili,other pulses,legumes_dried_pulses_protein_crops,3301020000,legumes_dried_pulses_protein_crops,3301020000
0095,muu köögivili,other vegetables,fresh_vegetables,3301070000,fresh_vegetables,3301070000
0096,muu ravim- ja maitsetaim,Other medicinal and culinary plant,unspecified_aromatic_medicinal_culinary_plants_spices_herbs,3301061298,aromatic_medicinal_culinary_plants_spices_herbs,3301061200
0097,muu rühvelkultuur,Other cultures,other_arable_land_crops,3301990000,other_industrial_crops,3301069900
0098,muu tehniline kultuur,other technical culture,other_arable_land_crops,3301990000,other_arable_land_crops,3301990000
0099,"muu teravili allakülviga, v.a liblikõieliste allakülviga",other cereals sown with the exception of legumes,unspecified_cereals,3301011500,other_cereals,3301019900
0100,muu teravili allakülvita,Other cereals,unspecified_cereals,3301011500,other_cereals,3301019900
0101,muu teravili liblikõieliste allakülviga,Other cereals with legumes,unspecified_cereals,3301011500,other_cereals,3301019900
0102,"muud liblikõielised (vähemalt 80% liblikõielisi, kuni 20% heintaimi)",other legumes (at least 80% legumes up to 20% grasses),unspecified_legumes_harvested_green,3301090398,legumes_dried_pulses_protein_crops,3301020000
0103,muud marjapõõsad,Other berries,berries_berry_species,3303020000,berries_berry_species,3303020000
0104,muud viljapuud,other fruits,orchards_fruits,3303010000,orchards_fruits,3303010000
0105,"N siduv heint. ja kõrreliste segu (N siduvaid heintaimi üle 50%, kõrrelisi heintaimi alla 50%)",Mix of nitrogen-binding grasses and graminoids (over 50% nitrogen-binding grasses less than 50% graminoid grasses),legumes_harvested_green,3301090300,pasture_meadow_grassland_grass,3302000000
0106,"N siduv heint. ja muu põllumaj. kult. segu (N siduvaid heint. üle 50%, muid kultuure alla 50%)",Mix of nitrogen-binding grasses and other crops (over 50% nitrogen-binding grasses less than 50% other crops).,legumes_harvested_green,3301090300,pasture_meadow_grassland_grass,3302000000
0107,"N siduv heint. ja N siduv põllumaj. kult. segu (N siduvaid kult. üle 50%, segus valdavalt heint.)",Mix of nitrogen-binding grasses and nitrogen-binding crops(over 50% nitrogen-binding crops mix contains mainly grasses),legumes_harvested_green,3301090300,pasture_meadow_grassland_grass,3302000000
0108,"N siduv heint. segu (N siduvaid heintaimi üle 50%, teisi liblikõielisi heintaimi alla 50%)",Mix of nitrogen-binding grasses (over 50% nitrogen-binding grasses less than 50% other leguminous grasses),legumes_harvested_green,3301090300,pasture_meadow_grassland_grass,3302000000
0109,N siduvate kaunviljade segu (N siduvaid kaunvilju segus üle 50%),Mix of nitrogen-binding pulses (pulses over 50%),legumes_dried_pulses_protein_crops,3301020000,legumes_dried_pulses_protein_crops,3301020000
0110,naeris,turnip,turnips,3301290800,turnips,3301290800
0111,"naistenõges, harilik",catnip,catnip,3301061212,catnip,3301061212
0112,"naistepuna, liht-",Perforate St Johns-wort,st_johns_wort,3301061234,st_johns_wort,3301061234
0113,nuikapsas (koolrabi),kohlrabi,kohlrabi,3301210209,kale,3301210208
0114,õlilina,Linseed (oil flax),flax_linseed_oil,3301060702,flax_linseed_oil,3301060702
0115,õlirõigas,Oil radish,radish,3301290600,radish,3301290600
0116,orashein,Elymus grass,poaceae_grasses,3301090200,lolium_ryegrass,3301090205
0117,õunapuu,apple tree,apples,3303010200,apples,3303010200
0118,päevalill,Sunflower,sunflower,3301060500,sunflower,3301060500
0119,paju,willow,willows_osiers,3306080000,willows_osiers,3306080000
0120,paprika,paprika,bell_pepper_paprika,3301300100,bell_pepper_paprika,3301300100
0121,pastinaak,parsnips,parsnips,3301290500,parsnips,3301290500
0122,piparmünt,peppermint,mints_peppermint,3301061222,mints_peppermint,3301061222
0123,pirnipuu,pear tree,pears,3303011200,pears,3303011200
0124,ploomipuu,European plum,plums,3303011300,plums,3303011300
0125,põld-hiirehernes (talivikk),Hairy vetch (winter),vetches,3301090305,peas,3301020600
0126,"põldhernes ""Mehis"" (100% põldhernest ""Mehis"")","field pea ""Mehis"" (100% field pea ""Mehis"")",peas,3301020600,peas,3301020600
0127,"põldhernes ""Mehis"" tugikultuuriga (kuni 70% põldhernes ""Mehis"")","field pea ""Mehis"" ""support for culture (up to 70% field pea"" ""Mehis"" "")""",peas,3301020600,peas,3301020600
0128,"põldhernes ""Mehis"" tugikultuuriga (vähemalt 70% põldhernes ""Mehis"")","Field pea ""Mehis"" (at least 70%) with support crop",peas,3301020600,peas,3301020600
0129,"põldhernes, v.a ""Mehis"" (100% põldhernest)",Field pea (100%),peas,3301020600,peas,3301020600
0130,"põldhernes, v.a ""Mehis"" tugikultuuriga (vähemalt 70% põldhernest)",Field pea (at least 70%) with support crop,peas,3301020600,peas,3301020600
0131,"põlduba ""Jõgeva""","field bean ""Jõgeva"" """"",beans,3301020100,beans,3301020100
0132,"põlduba, v.a ""Jõgeva""","Broad bean (excl. """"Jgeva"""") ",beans,3301020100,beans,3301020100
0133,poolsuhkrupeet,Semi-sugar beet,sugar_beet,3301290700,sugar_beet,3301290700
0134,porgand,carrots,carrots_daucus,3301290300,carrots_daucus,3301290300
0135,porrulauk,Leek,leek,3301220300,leek,3301220300
0136,punane ristik (100% ristikut),red clover (100% clover),clover,3301090303,clover,3301090303
0137,"punane ristik (ristikut 50-80%, teisi heintaimi 20-50%)",red clover (clover 50-80% other grasses 20-50%),clover,3301090303,clover,3301090303
0138,"punane ristik (vähemalt 80% ristikut, kuni 20% heintaimi)",Red clover (at least 80% clover up to 20% grasses),clover,3301090303,clover,3301090303
0139,punane sõstar,redcurrant,redcurrant,3303021100,redcurrant,3303021100
0140,punapeet (söögipeet),beetroot (beetroot),beetroot_beets,3301290200,beetroot_beets,3301290200
0141,"pune, harilik",oregano,oregano,3301061226,oregano,3301061226
0142,puukoolid,nurseries,nurseries_nursery,3303070000,nurseries_nursery,3303070000
0143,rabarber,rhubarb,rhubarb,3301230000,rhubarb,3301230000
0144,"raudrohi, harilik",yarrow,yarrow,3301061239,yarrow,3301061239
0145,ravim- ja maitsetaimed väikestel pindadel,Medicinal and culinary plants grown in small area,aromatic_medicinal_culinary_plants_spices_herbs,3301061200,aromatic_medicinal_culinary_plants_spices_herbs,3301061200
0146,ravim- ja maitsetaimede segu muude põllumajanduskultuuridega,Medicinal and culinary plants mixed with other crops,aromatic_medicinal_culinary_plants_spices_herbs,3301061200,aromatic_medicinal_culinary_plants_spices_herbs,3301061200
0147,redis,radish,radish,3301290600,radish,3301290600
0148,rohttaimed,grasses,pasture_meadow_grassland_grass,3302000000,pasture_meadow_grassland_grass,3302000000
0149,roosa ristik (100% ristikut),Alsike clover (100%),clover,3301090303,clover,3301090303
0150,"roosa ristik (ristikut 50-80%, teisi heintaimi 20-50%)",Alsike clover (clover 50-80% other grasses 20-50%),clover,3301090303,clover,3301090303
0151,"roosa ristik (vähemalt 80% ristikut, kuni 20% heintaimi)",Alsike clover (at least 80% clover up to 20% grasses),clover,3301090303,clover,3301090303
0152,"rukis, v.a sangaste rukis, allakülviga, v.a liblikõieliste allakülviga",Rye undersown (excl. legumes),rye,3301010300,rye,3301010300
0153,"rukis, v.a sangaste rukis, allakülvita",Rye,rye,3301010300,rye,3301010300
0154,"rukis, v.a sangaste rukis, liblikõieliste allakülviga",Rye undersown with legumes,rye,3301010300,rye,3301010300
0155,rukkilill,Cornflower,cornflowers,3301081000,cornflowers,3301081000
0156,"saialill, harilik",English marigold,calendula_marigold,3301061210,calendula_marigold,3301061210
0157,"Sangaste rukis allakülviga, v.a liblikõielise allakülviga",Rye of Sangaste with sowing except for sowing of legumes,rye,3301010300,rye,3301010300
0158,Sangaste rukis allakülvita,Sangaste rye,rye,3301010300,rye,3301010300
0159,Sangaste rukis liblikõieliste allakülviga,"Rye """"Sangaste"""" undersown with legumes",rye,3301010300,rye,3301010300
0160,segavili/segatis,Cereal mixture,cereal,3301010000,unspecified_cereals,3301011500
0161,segavili/segatis N siduvate kaunviljadega (N siduvaid kaunvilju segus üle 50%),Cereal mixture with nitrogen-binding pulses (pulses over 50%),legumes_dried_pulses_protein_crops,3301020000,legumes_dried_pulses_protein_crops,3301020000
0162,sidrunmeliss,lemon balm,lemon_balm_melissa,3301061220,lemon_balm_melissa,3301061220
0163,"sigur, harilik",chicory,chicory_chicories,3301310200,chicory_chicories,3301310200
0164,söödakapsas,fodder cabbage,brassica_oleracea_cabbage,3301210200,brassica_oleracea_cabbage,3301210200
0165,söödapeet,fodder beet,mangelwurzel_fodder_beet,3301290400,mangelwurzel_fodder_beet,3301290400
0166,söödav kuslapuu,honeysuckle,honeysuckle,3303080500,honeysuckle,3303080500
0167,sööti jäetud maa,Fallow land,fallow_land_not_crop,3301110000,fallow_land_not_crop,3301110000
0168,sorgo,sorghum,millet_sorghum,3301010900,millet_sorghum,3301010900
0169,spargel,asparagus,asparagus,3301200000,aspargus,3301200000
0170,spargelkapsas (brokkoli),Broccoli,broccoli,3301210202,broccoli,3301210202
0171,"speltanisu allakülviga, v.a liblikõieliste allakülviga",Spelt with the exception of legumes,spelt,3301011000,spelt,3301011000
0172,speltanisu allakülvita,Spelt,spelt,3301011000,spelt,3301011000
0173,speltanisu liblikõieliste allakülviga,Spelt with legumes,spelt,3301011000,spelt,3301011000
0174,suhkrumais,sweet corn,grain_maize_corn_popcorn,3301010600,grain_maize_corn_popcorn,3301010600
0175,"suvinisu allakülviga, v.a liblikõieliste allakülviga",Summer wheat undersown (excl. legumes),spring_common_soft_wheat,3301010102,spring_common_soft_wheat,3301010102
0176,suvinisu allakülvita,Summer wheat,spring_common_soft_wheat,3301010102,spring_common_soft_wheat,3301010102
0177,suvinisu liblikõieliste allakülviga,Summer wheat undersown with legumes,spring_common_soft_wheat,3301010102,spring_common_soft_wheat,3301010102
0178,"suvioder allakülviga, v.a liblikõieliste allakülviga",Summer barley undersown (excl. legumes),spring_barley,3301010402,spring_barley,3301010402
0179,suvioder allakülvita,Summer barley,spring_barley,3301010402,spring_barley,3301010402
0180,suvioder liblikõieliste allakülviga,Summer barley undersown with legumes,spring_barley,3301010402,spring_barley,3301010402
0181,"suviraps allakülviga, v.a liblikõieliste allakülviga",Summer oilseed rape with the exception of leguminous crops,summer_rapeseed_rape,3301060403,summer_rapeseed_rape,3301060403
0182,suviraps allakülvita,Summer oilseed rape,summer_rapeseed_rape,3301060403,spring_rapeseed_rape,3301060402
0183,suviraps liblikõielise allakülviga,Summer rape with leguminous sowing,summer_rapeseed_rape,3301060403,summer_rapeseed_rape,3301060403
0184,suvirüps allakülvita,Summer rape,summer_rapeseed_rape,3301060403,spring_rapeseed_rape,3301060402
0185,suvirüps liblikõieliste allakülviga,Summer rape undersown with legumes,summer_rapeseed_rape,3301060403,turnips,3301290800
0186,suvitritikale allakülvita,Summer triticale,spring_triticale,3301010802,spring_triticale,3301010802
0187,suvitritikale liblikõieliste allakülviga,Summer triticale with sown legumes,spring_triticale,3301010802,legumes_dried_pulses_protein_crops,3301020000
0188,suvivikk,Common vetch Summer,vetches,3301090305,vetches,3301090305
0189,"talinisu allakülviga, v.a liblikõieliste allakülviga",Winter wheat undersown (excl. legumes),winter_common_soft_wheat,3301010101,winter_common_soft_wheat,3301010101
0190,talinisu allakülvita,Winter wheat,winter_common_soft_wheat,3301010101,winter_common_soft_wheat,3301010101
0191,talinisu liblikõieliste allakülviga,Winter wheat undersown with legumes,winter_common_soft_wheat,3301010101,winter_common_soft_wheat,3301010101
0192,talioder allakülvita,Winter barley,winter_barley,3301010401,winter_barley,3301010401
0193,talioder liblikõieliste allakülviga,winter barley with leguminous sowing,winter_barley,3301010401,winter_barley,3301010401
0194,"taliraps allakülviga, v.a liblikõieliste allakülviga",winter oilseed rape with the exception of legumes,winter_rapeseed_rape,3301060401,winter_rapeseed_rape,3301060401
0195,taliraps allakülvita,Winter oilseed rape,winter_rapeseed_rape,3301060401,winter_rapeseed_rape,3301060401
0196,taliraps liblikõieliste allakülviga,winter oilseed rape with legumes,winter_rapeseed_rape,3301060401,winter_rapeseed_rape,3301060401
0197,"talirüps allakülviga, v.a liblikõieliste allakülviga",winter rape with sowing other than leguminous sowing,winter_rapeseed_rape,3301060401,winter_rapeseed_rape,3301060401
0198,talirüps allakülvita,Winter turnip rape,winter_rapeseed_rape,3301060401,winter_rapeseed_rape,3301060401
0199,talirüps liblikõieliste allakülviga,Winter oilseed rape,winter_rapeseed_rape,3301060401,winter_rapeseed_rape,3301060401
0200,"talitritikale allakülviga, v.a liblikõieliste allakülviga",Winter triticale with the exception of leguminous crops,winter_triticale,3301010801,other_arable_land_crops,3301990000
0201,talitritikale allakülvita,Winter triticale,winter_triticale,3301010801,winter_triticale,3301010801
0202,talitritikale liblikõieliste allakülviga,Winter triticale undersown with legumes,winter_triticale,3301010801,winter_triticale,3301010801
0203,"tatar allakülviga, v.a liblikõieliste allakülviga",Buckwheat undersown (excl. legumes),buckwheat,3301150200,buckwheat,3301150200
0204,tatar allakülvita,buckwheat,buckwheat,3301150200,buckwheat,3301150200
0205,tatar liblikõieliste allakülviga,Buckwheat undersown with legumes,buckwheat,3301150200,buckwheat,3301150200
0206,teekummel,chamomile,chamomile,3301061213,chamomile,3301061213
0207,"teeleht, suur",tea leaf large,salads_lettuce_leaf_vegetables,3301310000,salads_lettuce_leaf_vegetables,3301310000
0208,"teraviljade segu allakülviga, v.a liblikõieliste allakülviga",Cereal mixture undersown (excl. legumes),cereal,3301010000,winter_common_soft_wheat,3301010101
0209,teraviljade segu allakülvita,mixed grains,cereal,3301010000,grain_maize_corn_popcorn,3301010600
0210,teraviljade segu liblikõieliste allakülviga,Mixed grains undersown with legumes,cereal,3301010000,unspecified_cereals,3301011500
0211,tomat,Tomato,tomato,3301280000,tomato,3301280000
0212,"tondipea, moldaavia",Moldavian dragonhead,moldavian_dragonhead,3301061223,moldavian_dragonhead,3301061223
0213,tšillipipar,Chilli pepper,chili_pepper,3301300200,anethum_dill,3301061203
0214,tuder,Camelina,camelina,3301061500,other_permanent_crops_plantations,3303990000
0215,üheaastane raihein jm üheaastased heintaimed,Annual ryegrass and other annual grasses,lolium_ryegrass,3301090205,lolium_ryegrass,3301090205
0216,"vaak, aed-",Elecampane,other_flowers_ornamental_plants,3301089900,kitchen_gardens,3301120000
0217,vaarikas,raspberry,raspberry_raspberries,3303021000,raspberry_raspberries,3303021000
0218,valge mesikas (100% mesikat),White melilot (100%),melilot,3301090304,melilot,3301090304
0219,"valge mesikas (mesikat 50-80%, teisi heintaimi 20-50%)",white melilot (honeysuckle 50-80% other grasses 20-50%),melilot,3301090304,melilot,3301090304
0220,"valge mesikas (vähemalt 80% mesikat, kuni 20% heintaimi)",white melilot (at least 80% melilot up to 20% grasses),melilot,3301090304,melilot,3301090304
0221,valge peakapsas,white head cabbage,white_cabbage,3301210212,white_cabbage,3301210212
0222,"valge ristik ""Jõgeva 4"" (100% ristikut)",white clover (100% clover),clover,3301090303,clover,3301090303
0223,"valge ristik ""Jõgeva 4"" segus aasnurmikaga (mõlemat 50%)","White clover ""Jgeva 4"" mixed with Kentucky bluegrass (both 50%)",clover,3301090303,clover,3301090303
0224,"valge ristik ""Jõgeva 4"" segus muude põllumaj. kultuuridega (ristik üle 50%, muid kultuure alla 50%)","white clover ""Jõgeva 4"" ""in a mixture with other agricultural crops (clover less than 50% other crops)""",clover,3301090303,clover,3301090303
0225,valge ristik (100% ristikut),white clover (100% clover),clover,3301090303,clover,3301090303
0226,"valge ristik (ristikut 50-80%, teisi heintaimi 20-50%)",White clover (50-80% clover 20-50% other grasses),clover,3301090303,clover,3301090303
0227,"valge ristik (vähemalt 80% ristikut, kuni 20% heintaimi)",white clover (at least 80% clover up to 20% grasses),clover,3301090303,clover,3301090303
0228,"valge sinep allakülviga, v.a liblikõieliste allakülviga",white mustard with the exception of leguminous crops,mustard,3301210100,mustard,3301210100
0229,valge sinep allakülvita,white mustard without sowing,mustard,3301210100,mustard,3301210100
0230,valge sinep liblikõieliste allakülviga,White mustard with sown legumes,mustard,3301210100,mustard,3301210100
0231,valge sõstar,White currant,currants,3303020600,currants,3303020600
0232,valkjas mesiohakas (100% mesiohakat),Glandular globe thistle,other_aromatic_medicinal_culinary_plants_spices_herbs,3301061299,tree_wood_forest,3306000000
0233,varajane kartul,early potatoes,potatoes,3301030000,potatoes,3301030000
0234,varsseller,celery,celery,3301250000,celery,3301250000
0235,viinapuu,grapes,vineyards_wine_vine_rebland_grapes,3303060000,vineyards_wine_vine_rebland_grapes,3303060000
0236,viljapuu- ja marjaaiad väikestel pindadel,Fruits and berries in small area,orchards_fruits,3303010000,orchards_fruits,3303010000
0237,"võilill, harilik",Dandelion common,dandelions,3301081400,dandelions,3301081400
0238,"vürtsköömen, harilik",Common cumin,other_aromatic_medicinal_culinary_plants_spices_herbs,3301061299,black_cumin,3301061208
0239,muud kõrrelised (100% kõrrelisi),Other grasses (100% grasses),poaceae_grasses,3301090200,pasture_meadow_grassland_grass,3302000000
0240,muu kartul,Other potato,potatoes,3301030000,potatoes,3301030000
0241,muu põldhernes (100% põldhernest),Other field pea (100%),peas,3301020600,peas,3301020600
0242,muu põlduba,Other field bean,beans,3301020100,beans,3301020100
0243,muu valge peakapsas,Other white head cabbage,white_cabbage,3301210212,white_cabbage,3301210212
0244,muu õli- ja kiukultuur,Other oil and fibre crop,other_industrial_crops,3301069900,other_industrial_crops,3301069900
0245,"ristik (50-80% ristikut, teisi heintaimi 20-50%), v.a punane, roosa ja valge ristik",Clover (50-80% clover 20-50% other grasses) excl. red alsike and white,clover,3301090303,clover,3301090303
0246,"põlduba ""Helbi""","Field bean """"Helbi""""",beans,3301020100,beans,3301020100
0247,lauaviinamarjad (viinapuu),Table grapes,vineyards_wine_vine_rebland_grapes,3303060000,vineyards_wine_vine_rebland_grapes,3303060000
0248,"põldhernes ""Kirke"" (100% põldhernest ""Kirke"")","Field pea ""Kirke"" (100%)",peas,3301020600,peas,3301020600
0249,"ristik (100% ristikut), v.a punane, roosa ja valge ristik",Clover (100%) excl. red alsike and white,clover,3301090303,clover,3301090303
0250,muud liblikõielised (100% liblikõielisi),Other legumes (100%),unspecified_legumes_harvested_green,3301090398,legumes_dried_pulses_protein_crops,3301020000
0251,mitmeliigiline väike põld,Multi-species small field,kitchen_gardens,3301120000,kitchen_gardens,3301120000
0252,"kartul ""Jõgeva kollane""","Potato ""Jõgeva kollane""",potatoes,3301030000,potatoes,3301030000
0253,muu harilik sibul (söögisibul),Other common onion,onions,3301220400,onions,3301220400
0254,"kanep, Estica",Hemp Estica,hemp_cannabis,3301061000,hemp_cannabis,3301061000
0255,veiniviinamarjad (viinapuu),Wine grapes,vineyards_wine_vine_rebland_grapes,3303060000,vineyards_wine_vine_rebland_grapes,3303060000
0256,hapu kirsipuu,Sour cherry,cherry_cherries,3303010400,cherry_cherries,3303010400
0257,murelipuu,Morello cherry,cherry_cherries,3303010400,cherry_cherries,3303010400
0258,"tihashein, harilik",Timothy grass,poaceae_grasses,3301090200,pasture_meadow_grassland_grass,3302000000
0259,"ristik (vähemalt 80% ristikut, kuni 20% heintaimi), v.a punane, roosa ja valge ristik",Clover (at least 80% clover up to 20% grasses) excl. red alsike and white,clover,3301090303,clover,3301090303
0260,must leeder,Black elder,berries_berry_species,3303020000,berries_berry_species,3303020000
0261,"kanep, CFX-2",Hemp CFX-2,hemp_cannabis,3301061000,hemp_cannabis,3301061000
0262,"punane aruhein ""Jõgeva 70""","Red fescue ""Jõgeva 70""",poaceae_grasses,3301090200,pasture_meadow_grassland_grass,3302000000
0263,muu põldhernes tugikultuuriga (vähemalt 70% põldhernest),Other field pea with support crop (at least 70%),peas,3301020600,peas,3301020600
0264,"kartul ""Endla""","Potato ""Endla""",potatoes,3301030000,potatoes,3301030000
0265,"põldhernes ""Kirke"" tugikultuuriga (kuni 70% põldhernest ""Kirke"")","Field pea ""Kirke"" with support crop (up to 70%)",peas,3301020600,peas,3301020600
0266,muu kaalikas,Other rutabaga,swede_rutabaga,3301210500,swede_rutabaga,3301210500
0267,"talioder allakülviga, v.a liblikõieliste allakülviga",Winter barley undersown (excl. legumes),winter_barley,3301010401,winter_barley,3301010401
0268,"salvei, aed-",Garden sage,other_aromatic_medicinal_culinary_plants_spices_herbs,3301061299,aromatic_medicinal_culinary_plants_spices_herbs,3301061200
0269,lillede segu,Mixture of flowers,flowers_ornamental_plants,3301080000,flowers_ornamental_plants,3301080000
0270,"kanep, Loja",Hemp Loja,hemp_cannabis,3301061000,hemp_cannabis,3301061000
0271,"kaalikas ""Kohalik sinine""","Rutabaga ""Kohalik sinine""",swede_rutabaga,3301210500,swede_rutabaga,3301210500
0272,"sinerõigas, harilik",Common oil radish,radish,3301290600,radish,3301290600
0273,"harilik sibul ""Jõgeva 3""","Onion ""Jõgeva 3""",onions,3301220400,onions,3301220400
0274,"põldhernes ""Kirke"" tugikultuuriga (vähemalt 70% põldhernest ""Kirke"")","Field pea ""Kirke"" with support crop (at least 70%)",peas,3301020600,peas,3301020600
0275,maguslupiin,Sweet lupin,sweet_lupins,3301020700,legumes_dried_pulses_protein_crops,3301020000
0276,muu söödapeet,Other fodder beet,mangelwurzel_fodder_beet,3301290400,mangelwurzel_fodder_beet,3301290400
0277,"suvitritikale allakülviga, v.a liblikõieliste allakülviga",Spring triticale undersown (excl. legumes),spring_triticale,3301010802,spring_triticale,3301010802
0278,punane peakapsas,Red head cabbage,brassica_oleracea_cabbage,3301210200,brassica_oleracea_cabbage,3301210200
0279,"aas-rebasesaba ""Haljas""","Meadow foxtail ""Haljas""",poaceae_grasses,3301090200,pasture_meadow_grassland_grass,3302000000
0280,"harilik esparsett (vähemalt 80% esparsetti, kuni 20% heintaimi)",Common sainfoin (at least 80% sainfoin up to 20% grasses),onobrychis_sainfoins,3301061600,onobrychis_sainfoins,3301061600
0281,"mädarõigas, aed-",Garden horseradish,horseradish,3301210400,horseradish,3301210400
0282,lehtpeet,Leaf beet (chard),beetroot_beets,3301290200,beetroot_beets,3301290200
0283,"kartul ""Väike verev""","Potato ""Väike verev""",potatoes,3301030000,potatoes,3301030000
0284,kiulina,Fibre flax,flax_linen,3301060701,flax_linen,3301060701
0285,toompihlakas,Serviceberry (Amelanchier),berries_berry_species,3303020000,berries_berry_species,3303020000
0286,"kanep, Bialobrzeskie",Hemp Bialobrzeskie,hemp_cannabis,3301061000,hemp_cannabis,3301061000
0287,"nõges, kõrve-",Stinging nettle,other_aromatic_medicinal_culinary_plants_spices_herbs,3301061299,aromatic_medicinal_culinary_plants_spices_herbs,3301061200
0288,"münt, vääris-",Apple mint,mints_peppermint,3301061222,mints_peppermint,3301061222
0289,"monarda, sidrun-",Lemon beebalm,other_aromatic_medicinal_culinary_plants_spices_herbs,3301061299,aromatic_medicinal_culinary_plants_spices_herbs,3301061200
0290,"münt, rohe-",Spearmint,mints_peppermint,3301061222,mints_peppermint,3301061222
0291,sojauba,Soybean,soy_soybeans,3301160000,legumes_dried_pulses_protein_crops,3301020000
0292,"harakputk, aed-",Garden chervil,chervil,3301061214,chervil,3301061214
0293,harilik lutsern (100% lutsern),Alfalfa (100% alfalfa),alfalfa_lucerne,3301090301,alfalfa_lucerne,3301090301
0294,"harilik nõiahammas (vähemalt 80% nõiahammast, kuni 20% heintaimi)",Birdsfoot trefoil (at least 80%),lotus,3301082600,lotus,3301082600
0295,hiina kapsas,Chinese cabbage,chinese_cabbage,3301210205,chinese_cabbage,3301210205
0296,"iisop, harilik",Hyssop,other_aromatic_medicinal_culinary_plants_spices_herbs,3301061299,other_aromatic_medicinal_culinary_plants_spices_herbs,3301061299
0297,"kanep, CRS-1",Hemp (CRS-1),hemp_cannabis,3301061000,hemp_cannabis,3301061000
0298,"kanep, Earlina 8 FC",Hemp (Earlina 8 FC),hemp_cannabis,3301061000,hemp_cannabis,3301061000
0299,"kanep, Fibror 79",Hemp (Fibror 79),hemp_cannabis,3301061000,hemp_cannabis,3301061000
0300,"kanep, Fiona",Hemp (Fiona),hemp_cannabis,3301061000,hemp_cannabis,3301061000
0301,"kanep, Futura 75",Hemp (Futura 75),hemp_cannabis,3301061000,hemp_cannabis,3301061000
0302,"kanep, Mara 21",Hemp (Mara 21),hemp_cannabis,3301061000,hemp_cannabis,3301061000
0303,"kanep, Santhica 27",Hemp (Santhica 27),hemp_cannabis,3301061000,hemp_cannabis,3301061000
0304,"kanep, Secuieni Jubileu",Hemp (Secuieni Jubileu),hemp_cannabis,3301061000,hemp_cannabis,3301061000
0305,kirsipuu (hapukirss),Sour cherry,cherry_cherries,3303010400,cherry_cherries,3303010400
0306,kreegipuu,Damson,plums,3303011300,plums,3303011300
0307,"kreegipuu, haraline ploomipuu (alõtša)","Damson, cherry plum",plums,3303011300,plums,3303011300
0308,"lambalääts, põld-",Lentil,lentils,3301020500,lentils,3301020500
0309,lauaviinamarjad,Table grapes,vineyards_wine_vine_rebland_grapes,3303060000,vineyards_wine_vine_rebland_grapes,3303060000
0310,moon (magun),Poppy,poppy,3301060600,poppy,3301060600
0311,mugulsibul,Shallot,shallot,3301220600,shallot,3301220600
0312,"mustköömen, aed-",Black cumin,black_cumin,3301061208,black_cumin,3301061208
0313,"mustköömen, türgi",Turkish black cumin,black_cumin,3301061208,black_cumin,3301061208
0314,"münt, pikaleheline",Long-leaved mint,mints_peppermint,3301061222,mints_peppermint,3301061222
0315,"neitsikummel, lõhnav",Scented mayweed,chamomile,3301061213,chamomile,3301061213
0316,nuikapsas,Kohlrabi,kohlrabi,3301210209,kohlrabi,3301210209
0317,punane ja valge sõstar,Red and white currant,currants,3303020600,currants,3303020600
0318,salat,Lettuce,salads_lettuce_leaf_vegetables,3301310000,salads_lettuce_leaf_vegetables,3301310000
0319,salatsigur,Chicory (salad),chicory_chicories,3301310200,chicory_chicories,3301310200
0320,seenekasvatus põllumajandusmaal,Mushroom growing on agricultural land,mushrooms_energy_genetically_modified_crops,3304000000,mushrooms_energy_genetically_modified_crops,3304000000
0321,"siilkübar, purpur-",Purple coneflower,echinacea_sun_hat,3301081500,echinacea_sun_hat,3301081500
0322,spinat,Spinach,spinach,3301310800,spinach,3301310800
0323,suhkrupeet,Sugar beet,sugar_beet,3301290700,sugar_beet,3301290700
0324,"suvirüps allakülviga, v.a liblikõieliste allakülviga","Spring turnip rape undersown, other than legumes",spring_rapeseed_rape,3301060402,spring_rapeseed_rape,3301060402
0325,suvitritikale liblikõeliste allakülviga,Spring triticale undersown with legumes,spring_triticale,3301010802,spring_triticale,3301010802
0326,söögipeet,Beetroot,beetroot_beets,3301290200,beetroot_beets,3301290200
0327,"südamerohi, veiste-",Motherwort,other_aromatic_medicinal_culinary_plants_spices_herbs,3301061299,other_aromatic_medicinal_culinary_plants_spices_herbs,3301061299
0328,taliraps liblikõielise allakülviga,Winter rapeseed undersown with legumes,winter_rapeseed_rape,3301060401,winter_rapeseed_rape,3301060401
0329,talisibul,Winter onion,onions,3301220400,onions,3301220400
0330,"tihashein, külgõieline",Sideflowering skullcap,other_aromatic_medicinal_culinary_plants_spices_herbs,3301061299,other_aromatic_medicinal_culinary_plants_spices_herbs,3301061299
0331,"tritikale allakülviga, v.a liblikõieliste allakülviga","Triticale undersown, other than legumes",triticale,3301010800,triticale,3301010800
0332,tritikale allakülvita,Triticale without undersowing,triticale,3301010800,triticale,3301010800
0333,tritikale liblikõieliste allakülviga,Triticale undersown with legumes,triticale,3301010800,triticale,3301010800
0334,veiniviinamarjad,Wine grapes,vineyards_wine_vine_rebland_grapes,3303060000,vineyards_wine_vine_rebland_grapes,3303060000
0335,"vägihein, kõrge",Great mullein,other_aromatic_medicinal_culinary_plants_spices_herbs,3301061299,other_aromatic_medicinal_culinary_plants_spices_herbs,3301061299
